duplicate_image,original_image,sha256_hash
206f0345a9bfc71a9c3520c9d87235f9.jpg,206f0345a9bfc71a9c3520c9d87235f9 - Copy.jpg,953b46ef309c3ee19bf17186d409f0a7e693f05689582d83f2bc15c9a48107b6
231c559748e0e8608e1d78c751053be0.jpg,231c559748e0e8608e1d78c751053be0 - Copy.jpg,81be3535635353ae3aee69161cad5f8c254487c40a61529895b552cc6de1c621
CholaArchitecture_resized_images_gangaikonda_cholapuram_shivan_temple_04.jpg.jpg,BrihadisvaraTemple_resized_images_gangaikonda_cholapuram_shivan_temple_04.jpg.jpg,aa2fd8aca159386c404522c5b3c67d1c2acd9fcd00a7be576a16e9e4b8ac38d4
CholaArchitecture_resized_images_hindu_temple_airavateshwara_dedicated_to_shiva_at_darasuram_kumbakonam_tamil_nadu_india_2014.jpg.jpg,BrihadisvaraTemple_resized_images_hindu_temple_airavateshwara_dedicated_to_shiva_at_darasuram_kumbakonam_tamil_nadu_india_2014.jpg.jpg,3d7bd764f0a732591403571a94100ba283ccc98c5f631f1d1938148455288da1
CholaSculptures_resized_images_1010_ce_brihadishwara_temple2c_hindu_god_shiva2c_built_by_rajaraja_i2c_thanjavur_tamil_nadu_india_28529.jpg.jpg,BrihadisvaraTemple_resized_images_1010_ce_brihadishwara_temple2c_hindu_god_shiva2c_built_by_rajaraja_i2c_thanjavur_tamil_nadu_india_28529.jpg.jpg,38690f0f7232c16fba30a71e519a6b95632ba52c1972998675c2d26809f57818
CholaSculptures_resized_images_rayagopuram_28unfinished29_-_4.jpg.jpg,CholaArchitecture_resized_images_rayagopuram_28unfinished29_-_4.jpg.jpg,fa33893ffd91259266c4fa8eebd3beed9fd515f5d6881c61c68de4aea9ced208
CholaSculptures_resized_images_shiva_dansant_guimet.jpg.jpg,CholaArchitecture_resized_images_shiva_dansant_guimet.jpg.jpg,8b39f550792439a1936d5017f22651d4a2e35c841d2833ed31599abc53bc9a35
CholaSculptures_resized_images_shore_temple_-_4.jpg.jpg,CholaArchitecture_resized_images_shore_temple_-_4.jpg.jpg,880cf32811b84bdeed17e86de63b595e6d2452cf6dc31ed2b9abf5b604461836
NagaraArchitecture_resized_images_11th_century_someshwara_temple_2c_lakshmeswar_2c_karnataka_india_-_11.jpg.jpg,DravidaArchitecture_resized_images_11th_century_someshwara_temple2c_lakshmeswar2c_karnataka_india_-_11.jpg.jpg,d2808283ef882011cdb4ea3cdcc78a2ef65048136fa9a1afd572e5617e9876db
NagaraArchitecture_resized_images_11th_century_someshwara_temple_2c_lakshmeswar_2c_karnataka_india_-_66.jpg.jpg,DravidaArchitecture_resized_images_11th_century_someshwara_temple2c_lakshmeswar2c_karnataka_india_-_66.jpg.jpg,b22c9cc04bee93e1e1700b97fc16b27a836c4c15ea00a9788ab9ef4246968686
NagaraArchitecture_resized_images_12th_century_mahadeva_temple_2c_itagi_2c_karnataka_india_-_110.jpg.jpg,DravidaArchitecture_resized_images_12th_century_mahadeva_temple2c_itagi2c_karnataka_india_-_110.jpg.jpg,f73862daa01ffc5182e70bc2ce5f4299a0b4592c72f410a525b477705211e8b9
NagaraArchitecture_resized_images_12th_century_mahadeva_temple_2c_itagi_2c_karnataka_india_-_27.jpg.jpg,DravidaArchitecture_resized_images_12th_century_mahadeva_temple2c_itagi2c_karnataka_india_-_27.jpg.jpg,c519d848f8e4d025d716f0bf9ec37ee11e9fb0a9a7d31539a0fb7321c708f044
NagaraArchitecture_resized_images_12th_century_mahadeva_temple_2c_itagi_2c_karnataka_india_-_3.jpg.jpg,DravidaArchitecture_resized_images_12th_century_mahadeva_temple2c_itagi2c_karnataka_india_-_3.jpg.jpg,95fef9a8207ea8d0c2c7e0c8892b24d30062e29ed5d9a36f5cb9335f17f000f0
NagaraArchitecture_resized_images_12th_century_mahadeva_temple_2c_itagi_2c_karnataka_india_-_72.jpg.jpg,DravidaArchitecture_resized_images_12th_century_mahadeva_temple2c_itagi2c_karnataka_india_-_72.jpg.jpg,093328cc457977f52fdaea7e7c23db507b0fbe589086eae7367ebedb2bbb1d48
VesaraArchitecture_resized_images_12th_century_mahadeva_temple_2c_itagi_2c_karnataka_india_-_109.jpg.jpg,DravidaArchitecture_resized_images_12th_century_mahadeva_temple2c_itagi2c_karnataka_india_-_109.jpg.jpg,a6e68bd7cf152d1e5872a337ec9ba2c93c76654232b64273f8e4c97dd00a43dc
VesaraArchitecture_resized_images_12th_century_mahadeva_temple_2c_itagi_2c_karnataka_india_-_17.jpg.jpg,DravidaArchitecture_resized_images_12th_century_mahadeva_temple2c_itagi2c_karnataka_india_-_17.jpg.jpg,3518ce996674592e89ada89f79beca24ea551b683baba13c35a09f21a4c71f23
VesaraArchitecture_resized_images_12th_century_mahadeva_temple_2c_itagi_2c_karnataka_india_-_57.jpg.jpg,DravidaArchitecture_resized_images_12th_century_mahadeva_temple2c_itagi2c_karnataka_india_-_57.jpg.jpg,67dea26ecd9693b005b8dae65589f9eb516521e8333019126f1d78c37d2ccf28
VesaraArchitecture_resized_images_12th_century_mahadeva_temple_2c_itagi_2c_karnataka_india_-_72.jpg.jpg,DravidaArchitecture_resized_images_12th_century_mahadeva_temple2c_itagi2c_karnataka_india_-_72.jpg.jpg,093328cc457977f52fdaea7e7c23db507b0fbe589086eae7367ebedb2bbb1d48
VirupakshaTemple_resized_images_8th_century_nataraja_dancing_on_a_demon_at_virupaksha_temple2c_pattadakal_hindu_monuments_karnataka_1.jpg.jpg,DravidaArchitecture_resized_images_8th_century_nataraja_dancing_on_a_demon_at_virupaksha_temple2c_pattadakal_hindu_monuments_karnataka_1.jpg.jpg,77992ce4be625f16ccb6cd77cfe786a252faf51027161f8d2921156fdeb825bb
down_CholaArchitecture_resized_images_10th_to_13th_century_trikutesvara_temples_complex2c_pushpagiri2c_andhra_pradesh_india_-_10.jpg.jpg,down_ChennakesavaTemple_resized_images_10th_to_13th_century_trikutesvara_temples_complex2c_pushpagiri2c_andhra_pradesh_india_-_10.jpg.jpg,45fbfe135cbff4420ec0710636154819a7aa1fc2128a82bac6650a507591bcf5
down_CholaArchitecture_resized_images_the_reflection_shot_taken_to_manifest_we_have_come_to_end_of_the_journey_inside_the_temple_until_next_time.jpg.jpg,down_BrihadisvaraTemple_resized_images_the_reflection_shot_taken_to_manifest_we_have_come_to_end_of_the_journey_inside_the_temple_until_next_time.jpg.jpg,693fe5b1f5167010f1feec0e435783209f0004ea8c7defc9ca2b3f055ca07d8a
down_CholaSculptures_resized_images_9th_century_parthasarathi_temple_smaller_shrines2c_parthivapuram_tamil_nadu.jpg.jpg,down_CholaArchitecture_resized_images_9th_century_parthasarathi_temple_smaller_shrines2c_parthivapuram_tamil_nadu.jpg.jpg,715e5a1c8bc618499a8e80afa53ef42381e06cdb39d0a2b884f037bb37e5d0cb
down_CholaSculptures_resized_images_a_view_from_ground.jpg.jpg,down_CholaArchitecture_resized_images_a_view_from_ground.jpg.jpg,73e8fe611f072187a2325b7ce685e119912f0c3fb21e861462f41173000874f7
down_CholaSculptures_resized_images_brihadeeswarar1.jpg.jpg,down_CholaArchitecture_resized_images_brihadeeswarar1.jpg.jpg,5b9f8a259cf3b3545e4aa86a70c29d4925e1e394de983f0f447b28f933cfdd23
down_CholaSculptures_resized_images_le_palais_de_thirumalai_nayak_28madurai2c_inde29_281412029265229.jpg.jpg,down_CholaArchitecture_resized_images_le_palais_de_thirumalai_nayak_28madurai2c_inde29_281412029265229.jpg.jpg,da875d793fc037a090a89437d2d1051872527bd008bc700e9888f52a1690c222
down_CholaSculptures_resized_images_rayagopuram_28unfinished29_-_4.jpg.jpg,down_CholaArchitecture_resized_images_rayagopuram_28unfinished29_-_4.jpg.jpg,3fb3ea1dfff3f55c8043b4cbab388ec2ffd27e22839c8ccbd5952e78ec520752
down_CholaSculptures_resized_images_rock_cut_ganesha_temple_-_1.jpg.jpg,down_CholaArchitecture_resized_images_rock_cut_ganesha_temple_-_1.jpg.jpg,e2f810e7248d6c53ceaf9e54f154ae29365a39614392d214178d3bd426838e68
down_NagaraArchitecture_resized_images_11th_century_someshwara_temple_2c_lakshmeswar_2c_karnataka_india_-_27.jpg.jpg,down_DravidaArchitecture_resized_images_11th_century_someshwara_temple2c_lakshmeswar2c_karnataka_india_-_27.jpg.jpg,ab4195dbcc48215f30b016242d8443abb9e3041ae0e41fa1fc7d8f5a552d6d9f
down_NagaraArchitecture_resized_images_11th_century_someshwara_temple_2c_lakshmeswar_2c_karnataka_india_-_28.jpg.jpg,down_DravidaArchitecture_resized_images_11th_century_someshwara_temple2c_lakshmeswar2c_karnataka_india_-_28.jpg.jpg,0e923d190315ca00482a6f99673382b7fc7e5c0142e55e9a5e22fb1847edd7c1
down_NagaraArchitecture_resized_images_11th_century_someshwara_temple_2c_lakshmeswar_2c_karnataka_india_-_51.jpg.jpg,down_DravidaArchitecture_resized_images_11th_century_someshwara_temple2c_lakshmeswar2c_karnataka_india_-_51.jpg.jpg,3846d8b848acabe724c319b010f4a44cd6616f468d7593956aee387f0afd9288
down_NagaraArchitecture_resized_images_11th_century_someshwara_temple_2c_lakshmeswar_2c_karnataka_india_-_71.jpg.jpg,down_DravidaArchitecture_resized_images_11th_century_someshwara_temple2c_lakshmeswar2c_karnataka_india_-_71.jpg.jpg,a6c29dec5faed78d5f9091a427df605a4393effa81622e0da6cad4b6409ca918
down_NagaraArchitecture_resized_images_12th_century_mahadeva_temple_2c_itagi_2c_karnataka_india_-_122.jpg.jpg,down_DravidaArchitecture_resized_images_12th_century_mahadeva_temple2c_itagi2c_karnataka_india_-_122.jpg.jpg,3f133a8fcd68896844f6dc29c4ad24bce3da927819e6822d3c513a3ab29e18a5
down_NagaraArchitecture_resized_images_12th_century_mahadeva_temple_2c_itagi_2c_karnataka_india_-_30.jpg.jpg,down_DravidaArchitecture_resized_images_12th_century_mahadeva_temple2c_itagi2c_karnataka_india_-_30.jpg.jpg,d990bc4075b30dd332278d34943f2801e5ef05efce486c117aab656d7375b477
down_VesaraArchitecture_resized_images_12th_century_mahadeva_temple_2c_itagi_2c_karnataka_india_-_01.jpg.jpg,down_DravidaArchitecture_resized_images_12th_century_mahadeva_temple2c_itagi2c_karnataka_india_-_01.jpg.jpg,fe62aced250bf731cfff812476cb91f8b908cd7e77e0e12a428fdc4cc1028eb9
down_VesaraArchitecture_resized_images_12th_century_mahadeva_temple_2c_itagi_2c_karnataka_india_-_07.jpg.jpg,down_DravidaArchitecture_resized_images_12th_century_mahadeva_temple2c_itagi2c_karnataka_india_-_07.jpg.jpg,ebe360f5dc22cde88f6d65f8b9e1ccd10d1f5d3ca9faee8806418edafd9a3c5e
down_VesaraArchitecture_resized_images_12th_century_mahadeva_temple_2c_itagi_2c_karnataka_india_-_118.jpg.jpg,down_DravidaArchitecture_resized_images_12th_century_mahadeva_temple2c_itagi2c_karnataka_india_-_118.jpg.jpg,6e796025e5e5010faae7b87a14fac834821c5140e09cb4ecd9cf0b22a90b9f20
down_VesaraArchitecture_resized_images_12th_century_mahadeva_temple_2c_itagi_2c_karnataka_india_-_125.jpg.jpg,down_NagaraArchitecture_resized_images_12th_century_mahadeva_temple_2c_itagi_2c_karnataka_india_-_125.jpg.jpg,a6dc9f0c24812f98addb92620536a107f52658aeeb930ff2e822a85ecb1c6481
down_VesaraArchitecture_resized_images_12th_century_mahadeva_temple_2c_itagi_2c_karnataka_india_-_130.jpg.jpg,down_NagaraArchitecture_resized_images_12th_century_mahadeva_temple_2c_itagi_2c_karnataka_india_-_130.jpg.jpg,863a99b1553238c18e9714cb71d7f0c91090a4d71454fbd7debc4022ec21d683
down_VesaraArchitecture_resized_images_12th_century_mahadeva_temple_2c_itagi_2c_karnataka_india_-_38.jpg.jpg,down_DravidaArchitecture_resized_images_12th_century_mahadeva_temple2c_itagi2c_karnataka_india_-_38.jpg.jpg,1b945a17c16e5513c0f470bb421c0353cfdf00936967237f40b899b966ef37f6
down_VesaraArchitecture_resized_images_12th_century_mahadeva_temple_2c_itagi_2c_karnataka_india_-_96.jpg.jpg,down_DravidaArchitecture_resized_images_12th_century_mahadeva_temple2c_itagi2c_karnataka_india_-_96.jpg.jpg,8963845422b3e52af4327b0f310b066e2571166743796078e5935b10fdb15e4d
down_VirupakshaTemple_resized_images_7th_-_8th_century_reliefs_at_the_sangameswara_temple2c_pattadakal_hindu_monuments_karnataka_4.jpg.jpg,down_DravidaArchitecture_resized_images_7th_-_8th_century_reliefs_at_the_sangameswara_temple2c_pattadakal_hindu_monuments_karnataka_4.jpg.jpg,6598c172a779fe896dd1cbe9d056927186f4a6148cd6c4c1cfb996eb187691e1
down_VirupakshaTemple_resized_images_8th_century_reliefs_at_mallikarjuna_temple2c_pattadakal_hindu_monuments_karnataka_5.jpg.jpg,down_DravidaArchitecture_resized_images_8th_century_reliefs_at_mallikarjuna_temple2c_pattadakal_hindu_monuments_karnataka_5.jpg.jpg,56562b11269c7bd7612183a5cb46564603874c2fd819422b32a3125d56cb28cb
down_VirupakshaTemple_resized_images_8th_century_reliefs_at_mallikarjuna_temple2c_pattadakal_hindu_monuments_karnataka_7.jpg.jpg,down_DravidaArchitecture_resized_images_8th_century_reliefs_at_mallikarjuna_temple2c_pattadakal_hindu_monuments_karnataka_7.jpg.jpg,eae97e5abd9d2aee0b892504b4825a6e60233f785335e670794aaf1fe4cfbd82
down_flip_CholaArchitecture_resized_images_10th_to_15th_century_chennakesava_temples_reliefs_and_inscriptions2c_pushpagiri2c_andhra_pradesh_india_-_12.jpg.jpg,down_flip_ChennakesavaTemple_resized_images_10th_to_15th_century_chennakesava_temples_reliefs_and_inscriptions2c_pushpagiri2c_andhra_pradesh_india_-_12.jpg.jpg,f2d10157747aa2a2ab8d081e4a898e57bd256f3ad429a2b41060761d489ecbc6
down_flip_CholaSculptures_resized_images_1010_ce_brihadishwara_shiva_temple2c_dvarapalas2c_built_by_rajaraja_i2c_thanjavur_tamil_nadu_india_28229.jpg.jpg,down_flip_BrihadisvaraTemple_resized_images_1010_ce_brihadishwara_shiva_temple2c_dvarapalas2c_built_by_rajaraja_i2c_thanjavur_tamil_nadu_india_28229.jpg.jpg,10afea202451ecb7ce3ec909d95ddd88ca0ecdc3dd04540d901381f4b231c447
down_flip_CholaSculptures_resized_images_1010_ce_brihadishwara_temple2c_hindu_god_shiva2c_built_by_rajaraja_i2c_thanjavur_tamil_nadu_india_28329.jpg.jpg,down_flip_BrihadisvaraTemple_resized_images_1010_ce_brihadishwara_temple2c_hindu_god_shiva2c_built_by_rajaraja_i2c_thanjavur_tamil_nadu_india_28329.jpg.jpg,94fe75e8274fbae389dd1904ed5def8d3f76a41a44c0236e8fd258443fedb822
down_flip_CholaSculptures_resized_images_krishnae28099s_butter_ball_-2.jpg.jpg,down_flip_CholaArchitecture_resized_images_krishnae28099s_butter_ball_-2.jpg.jpg,145ac348bc7fc84bd82f0f63d6fe0de9da0a06577cbccac1d877fcfe947caff0
down_flip_CholaSculptures_resized_images_p7110134_-_copy.jpg.jpg,down_flip_CholaArchitecture_resized_images_p7110134_-_copy.jpg.jpg,49e7d24ed1683fd9468d21864b8b06011cf1f5f4adc18f882c6b558f4deed0a7
down_flip_CholaSculptures_resized_images_rayagopuram_28unfinished29_-_2.jpg.jpg,down_flip_CholaArchitecture_resized_images_rayagopuram_28unfinished29_-_2.jpg.jpg,ff68a5a5df0680d61e802d0c006858f154809f651320d1b4eee2f8b72610d13d
down_flip_CholaSculptures_resized_images_rayagopuram_28unfinished29_-_6.jpg.jpg,down_flip_CholaArchitecture_resized_images_rayagopuram_28unfinished29_-_6.jpg.jpg,0b2f79998790a305e57efe52564349277c3b73b122b155af89509fa24a2476d8
down_flip_NagaraArchitecture_resized_images_11th_century_someshwara_temple_2c_lakshmeswar_2c_karnataka_india_-_119.jpg.jpg,down_flip_DravidaArchitecture_resized_images_11th_century_someshwara_temple2c_lakshmeswar2c_karnataka_india_-_119.jpg.jpg,6e92db23e82e9f75b1150431218299e2b35f75216e34d88936c24b9109f81ec2
down_flip_NagaraArchitecture_resized_images_11th_century_someshwara_temple_2c_lakshmeswar_2c_karnataka_india_-_24.jpg.jpg,down_flip_DravidaArchitecture_resized_images_11th_century_someshwara_temple2c_lakshmeswar2c_karnataka_india_-_24.jpg.jpg,a1a154b98997413295f15284f18ffd35c16c254b9ba3aba37f49be9bcd975041
down_flip_NagaraArchitecture_resized_images_11th_century_someshwara_temple_2c_lakshmeswar_2c_karnataka_india_-_54.jpg.jpg,down_flip_DravidaArchitecture_resized_images_11th_century_someshwara_temple2c_lakshmeswar2c_karnataka_india_-_54.jpg.jpg,899dc456224b042bace62d03898c909b5fdd32554f84ed8f384c9c4284cbda30
down_flip_NagaraArchitecture_resized_images_12th_century_mahadeva_temple_2c_itagi_2c_karnataka_india_-_24.jpg.jpg,down_flip_DravidaArchitecture_resized_images_12th_century_mahadeva_temple2c_itagi2c_karnataka_india_-_24.jpg.jpg,d2bdca02a58b23f079daab3d5c06fefd599261859153708575cda2481a11ba4f
down_flip_NagaraArchitecture_resized_images_12th_century_mahadeva_temple_2c_itagi_2c_karnataka_india_-_27.jpg.jpg,down_flip_DravidaArchitecture_resized_images_12th_century_mahadeva_temple2c_itagi2c_karnataka_india_-_27.jpg.jpg,2f455bf41952710e053dc60226ab3bdd534a11b03a97838aaacb26ccc010e37d
down_flip_NagaraArchitecture_resized_images_12th_century_mahadeva_temple_2c_itagi_2c_karnataka_india_-_95.jpg.jpg,down_flip_DravidaArchitecture_resized_images_12th_century_mahadeva_temple2c_itagi2c_karnataka_india_-_95.jpg.jpg,7e57ab3f62193e062b60ca4f8e62b81696e4ae9744d7278a65633df2f41e85d0
down_flip_VesaraArchitecture_resized_images_12th_century_mahadeva_temple_2c_itagi_2c_karnataka_india_-_102.jpg.jpg,down_flip_DravidaArchitecture_resized_images_12th_century_mahadeva_temple2c_itagi2c_karnataka_india_-_102.jpg.jpg,dac81008161f292a3901adc3ccf5a4440d8a2eb6b9b0d16e253ab2cdf84a8f76
down_flip_VesaraArchitecture_resized_images_12th_century_mahadeva_temple_2c_itagi_2c_karnataka_india_-_121.jpg.jpg,down_flip_NagaraArchitecture_resized_images_12th_century_mahadeva_temple_2c_itagi_2c_karnataka_india_-_121.jpg.jpg,ed5f4758e136fa4b3a465c2714aad9716aca31c79df717ab4fd7b0cd13f8685c
down_flip_VesaraArchitecture_resized_images_12th_century_mahadeva_temple_2c_itagi_2c_karnataka_india_-_24.jpg.jpg,down_flip_DravidaArchitecture_resized_images_12th_century_mahadeva_temple2c_itagi2c_karnataka_india_-_24.jpg.jpg,d2bdca02a58b23f079daab3d5c06fefd599261859153708575cda2481a11ba4f
down_flip_VesaraArchitecture_resized_images_12th_century_mahadeva_temple_2c_itagi_2c_karnataka_india_-_61.jpg.jpg,down_flip_NagaraArchitecture_resized_images_12th_century_mahadeva_temple_2c_itagi_2c_karnataka_india_-_61.jpg.jpg,36fee1aa964463709a461bea39cf3bd691b7306ba2f3cfeac2ed48b5568e3fd3
down_flip_VesaraArchitecture_resized_images_12th_century_mahadeva_temple_2c_itagi_2c_karnataka_india_-_64.jpg.jpg,down_flip_NagaraArchitecture_resized_images_12th_century_mahadeva_temple_2c_itagi_2c_karnataka_india_-_64.jpg.jpg,8aa0981a5c68a695a4f507650576af11fdc7f223c3d11f6bbb72cbca56c7ed6f
down_flip_VesaraArchitecture_resized_images_12th_century_mahadeva_temple_2c_itagi_2c_karnataka_india_-_95.jpg.jpg,down_flip_DravidaArchitecture_resized_images_12th_century_mahadeva_temple2c_itagi2c_karnataka_india_-_95.jpg.jpg,7e57ab3f62193e062b60ca4f8e62b81696e4ae9744d7278a65633df2f41e85d0
down_flip_VesaraArchitecture_resized_images_12th_century_mahadeva_temple_2c_itagi_2c_karnataka_india_-_97.jpg.jpg,down_flip_NagaraArchitecture_resized_images_12th_century_mahadeva_temple_2c_itagi_2c_karnataka_india_-_97.jpg.jpg,1111ce02ee58f1ec0c05b60af46ce2b2aa93bc62932f338b657117f7458da910
down_flip_VirupakshaTemple_resized_images_8th_century_garuda_carrying_vishnu_at_virupaksha_shaivism_temple2c_pattadakal_hindu_monuments_karnataka.jpg.jpg,down_flip_DravidaArchitecture_resized_images_8th_century_garuda_carrying_vishnu_at_virupaksha_shaivism_temple2c_pattadakal_hindu_monuments_karnataka.jpg.jpg,348db5f6b13f5521c9b95e8683f984764ad950765373f0d0031a857ed003e4dc
down_flip_VirupakshaTemple_resized_images_8th_century_mithuna_reliefs_at_virupaksha_temple2c_pattadakal_hindu_monuments_karnataka_2.jpg.jpg,down_flip_DravidaArchitecture_resized_images_8th_century_mithuna_reliefs_at_virupaksha_temple2c_pattadakal_hindu_monuments_karnataka_2.jpg.jpg,7b37c32f3d4ff2463a6f14258f5f3f3ba3ab96f916e2cc71171b4146b2effd5a
down_flip_VirupakshaTemple_resized_images_8th_century_nandi_facing_the_shiva_linga_in_sacrum_sanctum_at_virupaksha_temple2c_pattadakal_hindu_monuments_karnataka_2.jpg.jpg,down_flip_DravidaArchitecture_resized_images_8th_century_nandi_facing_the_shiva_linga_in_sacrum_sanctum_at_virupaksha_temple2c_pattadakal_hindu_monuments_karnataka_2.jpg.jpg,f2bca5c083fd3aeab86c15d20b3629d9efefcc1fd2a42f8f87dd088671f59d02
down_flip_VirupakshaTemple_resized_images_8th_century_nataraja_dancing_on_a_demon_at_virupaksha_temple2c_pattadakal_hindu_monuments_karnataka_1.jpg.jpg,down_flip_DravidaArchitecture_resized_images_8th_century_nataraja_dancing_on_a_demon_at_virupaksha_temple2c_pattadakal_hindu_monuments_karnataka_1.jpg.jpg,12f01a8e484d9f09a6253754712aa636adb9545ea3f438b5f25e1b5a3f2fb1dd
down_flip_VirupakshaTemple_resized_images_8th_century_panchatantra_legends_panels_at_virupaksha_shaivism_temple2c_pattadakal_hindu_monuments_karnataka_1.jpg.jpg,down_flip_DravidaArchitecture_resized_images_8th_century_panchatantra_legends_panels_at_virupaksha_shaivism_temple2c_pattadakal_hindu_monuments_karnataka_1.jpg.jpg,70fe5ee36bdc3c5b298214e4990d8da8190e05c8967493bae2da465a65ab1cc8
down_flip_VirupakshaTemple_resized_images_8th_century_reliefs_at_mallikarjuna_temple2c_pattadakal_hindu_monuments_karnataka_4.jpg.jpg,down_flip_DravidaArchitecture_resized_images_8th_century_reliefs_at_mallikarjuna_temple2c_pattadakal_hindu_monuments_karnataka_4.jpg.jpg,c941b6f5d86f9cf3e41df5cedb576be672e0707bc539dec53ab359ceb5abad63
down_flip_VirupakshaTemple_resized_images_8th_century_virupaksha_temple2c_pattadakal_monuments_karnataka_1.jpg.jpg,down_flip_DravidaArchitecture_resized_images_8th_century_virupaksha_temple2c_pattadakal_monuments_karnataka_1.jpg.jpg,8fcc593acacf8455175b7949f9d6b5123c1ffc6741da1e501f0cf9861e1f6cf8
down_flip_temple_in_india_2236.jpg,down_flip_temple_in_india_16319.jpg,fa2e79eef946402c4dd0d140551684f74006bff3de672a2e9d9fc1ce8aa35fd7
down_flip_temple_in_india_3033.jpg,down_flip_dravidian_south_3735.jpg,50f038d6d42cc4d4e461f3f005e4c6a46aa10a9ec5c7e67e154be2371dba9051
down_temple_in_india_16813.jpg,down_temple_in_india_1175.jpg,7cf5e798fcaedecc72a21c8ef8bd86fbb1fb882134c03c7d7524c17547babfe1
left_%C3%84gyptische_Sammlung_08.jpg,left_%C3%84gyptische_Sammlung_07.jpg,f1785f0ac8c69ae064556accd8f2605215cda766204aca5170ac9a8e1502a664
left_CholaArchitecture_resized_images_10th_to_15th_century_chennakesava_temples_reliefs_and_inscriptions2c_pushpagiri2c_andhra_pradesh_india_-_14.jpg.jpg,left_ChennakesavaTemple_resized_images_10th_to_15th_century_chennakesava_temples_reliefs_and_inscriptions2c_pushpagiri2c_andhra_pradesh_india_-_14.jpg.jpg,0def72f0423a8e6b935df34247ded7b79bdf65a72832475f41cafee98e5be074
left_CholaArchitecture_resized_images_10th_to_15th_century_chennakesava_temples_reliefs_and_inscriptions2c_pushpagiri2c_andhra_pradesh_india_-_21.jpg.jpg,left_ChennakesavaTemple_resized_images_10th_to_15th_century_chennakesava_temples_reliefs_and_inscriptions2c_pushpagiri2c_andhra_pradesh_india_-_21.jpg.jpg,ab8ebf37c07cd3a512e6113067010963dc326eb198ac1f892d48cd2bd5489a88
left_CholaSculptures_resized_images_brahamapurisvarartemple-pullamangai-tamilnadu_jm01.jpg.jpg,left_CholaArchitecture_resized_images_brahamapurisvarartemple-pullamangai-tamilnadu_jm01.jpg.jpg,029ade627f9d5261a15deb1a567570a94452026947229f8178f7d5dbf09ec943
left_CholaSculptures_resized_images_dharmarajae28098s_ratha_-_2.jpg.jpg,left_CholaArchitecture_resized_images_dharmarajae28098s_ratha_-_2.jpg.jpg,16025f62932c826a2e39e5654501b2ae7e93e0024dd97090de722d027269bcc2
left_CholaSculptures_resized_images_kotikal_mandapa_-_2.jpg.jpg,left_CholaArchitecture_resized_images_kotikal_mandapa_-_2.jpg.jpg,b5c47329989b9c279ca6e53fd79e9c4d95e956f95b6124e822c4974877b13acb
left_CholaSculptures_resized_images_rock_cut_varaha_temple_containing_varaha_and_vamana_incarnation_of_vishnu_-_3.jpg.jpg,left_CholaArchitecture_resized_images_rock_cut_varaha_temple_containing_varaha_and_vamana_incarnation_of_vishnu_-_3.jpg.jpg,3e1e925c7cd0614f22c536da7d5d00e6cfad4cdcfb2667841943fa5d55ff5d85
left_CholaSculptures_resized_images_shore_temple_-_4.jpg.jpg,left_CholaArchitecture_resized_images_shore_temple_-_4.jpg.jpg,0c6453390759fd435eeec29a15bf2446bb4a6baad1e13cc9fd77d58a00f75a5e
left_NagaraArchitecture_resized_images_11th_century_someshwara_temple_2c_lakshmeswar_2c_karnataka_india_-_28.jpg.jpg,left_DravidaArchitecture_resized_images_11th_century_someshwara_temple2c_lakshmeswar2c_karnataka_india_-_28.jpg.jpg,8cb4438b70df48760ee2696347109dbe6bb162dd186de59631938a20d269e115
left_NagaraArchitecture_resized_images_11th_century_someshwara_temple_2c_lakshmeswar_2c_karnataka_india_-_92.jpg.jpg,left_DravidaArchitecture_resized_images_11th_century_someshwara_temple2c_lakshmeswar2c_karnataka_india_-_92.jpg.jpg,236469df1e1d13eb1e2112aee832e9b3c5ec6f146b4e8dc78c52214833b311c4
left_NagaraArchitecture_resized_images_12th_century_mahadeva_temple_2c_itagi_2c_karnataka_india_-_119.jpg.jpg,left_DravidaArchitecture_resized_images_12th_century_mahadeva_temple2c_itagi2c_karnataka_india_-_119.jpg.jpg,f63dd40cfb5d1db91011075635948502f8ae45fd3d9d0b388b6614029d22a205
left_NagaraArchitecture_resized_images_12th_century_mahadeva_temple_2c_itagi_2c_karnataka_india_-_126.jpg.jpg,left_DravidaArchitecture_resized_images_12th_century_mahadeva_temple2c_itagi2c_karnataka_india_-_126.jpg.jpg,632ab853f24971a67dee5fc71d9f17203290250f66c15544a29801ebb1112382
left_NagaraArchitecture_resized_images_12th_century_mahadeva_temple_2c_itagi_2c_karnataka_india_-_15.jpg.jpg,left_DravidaArchitecture_resized_images_12th_century_mahadeva_temple2c_itagi2c_karnataka_india_-_15.jpg.jpg,65429b4e2ac35861d3db666235afccac4745cb4c80dc256462bf9e83a1b82828
left_NagaraArchitecture_resized_images_12th_century_mahadeva_temple_2c_itagi_2c_karnataka_india_-_73.jpg.jpg,left_DravidaArchitecture_resized_images_12th_century_mahadeva_temple2c_itagi2c_karnataka_india_-_73.jpg.jpg,59b22a8077ba2310925a3268829b93b1f201839a4ea5edd9c0a00c8479b6c315
left_VesaraArchitecture_resized_images_12th_century_mahadeva_temple_2c_itagi_2c_karnataka_india_-_121.jpg.jpg,left_DravidaArchitecture_resized_images_12th_century_mahadeva_temple2c_itagi2c_karnataka_india_-_121.jpg.jpg,02b231fee64a1eb5c2ea297dedce16bf4c33faa44702f98318c53b556fb17a7d
left_VesaraArchitecture_resized_images_12th_century_mahadeva_temple_2c_itagi_2c_karnataka_india_-_74.jpg.jpg,left_DravidaArchitecture_resized_images_12th_century_mahadeva_temple2c_itagi2c_karnataka_india_-_74.jpg.jpg,1d47198b27efd0905700e04669c4b84ff905e922a98b6e2a698d606984b92ef1
left_VesaraArchitecture_resized_images_12th_century_mahadeva_temple_2c_itagi_2c_karnataka_india_-_92.jpg.jpg,left_NagaraArchitecture_resized_images_12th_century_mahadeva_temple_2c_itagi_2c_karnataka_india_-_92.jpg.jpg,23a80a2afc268c6bf7185359eb38f5d3bbf72d11b08b48fc66563147e70e2d27
left_VirupakshaTemple_resized_images_8th_century_reliefs_at_mallikarjuna_temple2c_pattadakal_hindu_monuments_karnataka_4.jpg.jpg,left_DravidaArchitecture_resized_images_8th_century_reliefs_at_mallikarjuna_temple2c_pattadakal_hindu_monuments_karnataka_4.jpg.jpg,175ae4ee6512b6f90c02643dd0bd3cee70763ecad4017bee97146fc06765eb7b
left_VirupakshaTemple_resized_images_8th_century_reliefs_at_mallikarjuna_temple2c_pattadakal_hindu_monuments_karnataka_7.jpg.jpg,left_DravidaArchitecture_resized_images_8th_century_reliefs_at_mallikarjuna_temple2c_pattadakal_hindu_monuments_karnataka_7.jpg.jpg,f1e3a0f28404c8749caa3bcde3152785bf51246d8a23730d14f4e6a3846d8eb5
left_VirupakshaTemple_resized_images_8th_century_reliefs_at_virupaksha_temple2c_pattadakal_hindu_monuments_karnataka_10.jpg.jpg,left_DravidaArchitecture_resized_images_8th_century_reliefs_at_virupaksha_temple2c_pattadakal_hindu_monuments_karnataka_10.jpg.jpg,9413a03a976e385270a2ea8d5924c01071914baa63e3cdeca0a018b6f8551c05
left_VirupakshaTemple_resized_images_8th_century_reliefs_at_virupaksha_temple2c_pattadakal_hindu_monuments_karnataka_9.jpg.jpg,left_DravidaArchitecture_resized_images_8th_century_reliefs_at_virupaksha_temple2c_pattadakal_hindu_monuments_karnataka_9.jpg.jpg,3e3a1aaf56a60925c2087884e7caf21bf8094fc3a0bfd3011d6a96f5e5f42ffe
left_VirupakshaTemple_resized_images_8th_century_virupaksha_temple2c_pattadakal_monuments_karnataka_1.jpg.jpg,left_DravidaArchitecture_resized_images_8th_century_virupaksha_temple2c_pattadakal_monuments_karnataka_1.jpg.jpg,9eb05619242aedd34b393c439136b3cdfed9970c52f0ccc54b55b3b808869ac2
left_flip_CholaArchitecture_resized_images_10th_to_15th_century_chennakesava_temples_group2c_pushpagiri2c_andhra_pradesh_india_-_02.jpg.jpg,left_flip_ChennakesavaTemple_resized_images_10th_to_15th_century_chennakesava_temples_group2c_pushpagiri2c_andhra_pradesh_india_-_02.jpg.jpg,4c4b6014643b70061cc95952c017fe50d1d8d2f1266ba6bd5b916314c5075f01
left_flip_CholaArchitecture_resized_images_10th_to_15th_century_chennakesava_temples_group2c_pushpagiri2c_andhra_pradesh_india_-_04.jpg.jpg,left_flip_ChennakesavaTemple_resized_images_10th_to_15th_century_chennakesava_temples_group2c_pushpagiri2c_andhra_pradesh_india_-_04.jpg.jpg,879952d4811bdf95f91a936011ce8f2d4d8a3de0f23f52ca60aa879a7a6870c3
left_flip_CholaSculptures_resized_images_1010_ce_brihadishwara_temple2c_hindu_god_shiva2c_built_by_rajaraja_i2c_thanjavur_tamil_nadu_india_28329.jpg.jpg,left_flip_BrihadisvaraTemple_resized_images_1010_ce_brihadishwara_temple2c_hindu_god_shiva2c_built_by_rajaraja_i2c_thanjavur_tamil_nadu_india_28329.jpg.jpg,cdd47aa3ae4ae6fc5a1c6880c14ae4acfc18bfd77afee9f20c10df626c9ddfa1
left_flip_CholaSculptures_resized_images_brihadeeswarar2.jpg.jpg,left_flip_BrihadisvaraTemple_resized_images_brihadeeswarar2.jpg.jpg,6a8890109ef8bc745782c15abdcf366fdc06cbed5aeefb4f64415a9618cce1a9
left_flip_CholaSculptures_resized_images_rajarajesvaram_temple_35.jpg.jpg,left_flip_BrihadisvaraTemple_resized_images_rajarajesvaram_temple_35.jpg.jpg,78c0a09dfeaef8e430315181fa6e9f3dc6ac7c778b2e396b37693bdb899fe95c
left_flip_CholaSculptures_resized_images_rock_cut_ganesha_temple_-_1.jpg.jpg,left_flip_CholaArchitecture_resized_images_rock_cut_ganesha_temple_-_1.jpg.jpg,2ebd2e5b31228ac14c22ecc85d96fdf174161e7fffde355f4d491fc093ff17db
left_flip_NagaraArchitecture_resized_images_11th_century_someshwara_temple_2c_lakshmeswar_2c_karnataka_india_-_22.jpg.jpg,left_flip_DravidaArchitecture_resized_images_11th_century_someshwara_temple2c_lakshmeswar2c_karnataka_india_-_22.jpg.jpg,4633c6eb2e42880df036681fa61c13ce888465079c228aa66634949d5168e8c0
left_flip_NagaraArchitecture_resized_images_12th_century_mahadeva_temple_2c_itagi_2c_karnataka_india_-_05.jpg.jpg,left_flip_DravidaArchitecture_resized_images_12th_century_mahadeva_temple2c_itagi2c_karnataka_india_-_05.jpg.jpg,7479780adcec665a2c6e6b1d3605eb30e775dc995dec68866b210875ce8a9510
left_flip_NagaraArchitecture_resized_images_12th_century_mahadeva_temple_2c_itagi_2c_karnataka_india_-_122.jpg.jpg,left_flip_DravidaArchitecture_resized_images_12th_century_mahadeva_temple2c_itagi2c_karnataka_india_-_122.jpg.jpg,0ca2f1fa2d50d14c59720f0488014439a1637eb212aafc2a311f6030866b3927
left_flip_NagaraArchitecture_resized_images_12th_century_mahadeva_temple_2c_itagi_2c_karnataka_india_-_42.jpg.jpg,left_flip_DravidaArchitecture_resized_images_12th_century_mahadeva_temple2c_itagi2c_karnataka_india_-_42.jpg.jpg,940e4389ae299110c9cca61d70dd9d0651a24a4212f28c51b8f4370d683aa59c
left_flip_NagaraArchitecture_resized_images_12th_century_mahadeva_temple_2c_itagi_2c_karnataka_india_-_72.jpg.jpg,left_flip_DravidaArchitecture_resized_images_12th_century_mahadeva_temple2c_itagi2c_karnataka_india_-_72.jpg.jpg,0563d2cea2a09ef8dbc8a4ae88290f1fe6d1ee4e67a529f2360c1824158248ea
left_flip_NagaraArchitecture_resized_images_12th_century_mahadeva_temple_2c_itagi_2c_karnataka_india_-_77.jpg.jpg,left_flip_DravidaArchitecture_resized_images_12th_century_mahadeva_temple2c_itagi2c_karnataka_india_-_77.jpg.jpg,4cc0fa2c048d4b2579564232d02a52cf5386eaea2e7be1d66cd15690a869001f
left_flip_VesaraArchitecture_resized_images_12th_century_mahadeva_temple_2c_itagi_2c_karnataka_india_-_122.jpg.jpg,left_flip_DravidaArchitecture_resized_images_12th_century_mahadeva_temple2c_itagi2c_karnataka_india_-_122.jpg.jpg,0ca2f1fa2d50d14c59720f0488014439a1637eb212aafc2a311f6030866b3927
left_flip_VesaraArchitecture_resized_images_12th_century_mahadeva_temple_2c_itagi_2c_karnataka_india_-_42.jpg.jpg,left_flip_DravidaArchitecture_resized_images_12th_century_mahadeva_temple2c_itagi2c_karnataka_india_-_42.jpg.jpg,940e4389ae299110c9cca61d70dd9d0651a24a4212f28c51b8f4370d683aa59c
left_flip_VesaraArchitecture_resized_images_12th_century_mahadeva_temple_2c_itagi_2c_karnataka_india_-_45.jpg.jpg,left_flip_NagaraArchitecture_resized_images_12th_century_mahadeva_temple_2c_itagi_2c_karnataka_india_-_45.jpg.jpg,f38b3cb7979b791f034fad0582ea7b97d862b69b51c604a7e7a66dc858e7f1a0
left_flip_VesaraArchitecture_resized_images_12th_century_mahadeva_temple_2c_itagi_2c_karnataka_india_-_61.jpg.jpg,left_flip_NagaraArchitecture_resized_images_12th_century_mahadeva_temple_2c_itagi_2c_karnataka_india_-_61.jpg.jpg,c2b359b00cabfedd7425417ddbb51e7cd6bc77aa2143da412096b60d266c363a
left_flip_VesaraArchitecture_resized_images_12th_century_mahadeva_temple_2c_itagi_2c_karnataka_india_-_75.jpg.jpg,left_flip_NagaraArchitecture_resized_images_12th_century_mahadeva_temple_2c_itagi_2c_karnataka_india_-_75.jpg.jpg,13c8c2c094bff93646afe214894aeac29068456da05d794d0820465f35af0def
left_flip_VesaraArchitecture_resized_images_12th_century_mahadeva_temple_2c_itagi_2c_karnataka_india_-_76.jpg.jpg,left_flip_DravidaArchitecture_resized_images_12th_century_mahadeva_temple2c_itagi2c_karnataka_india_-_76.jpg.jpg,c5c0b7aa215ec6ad50a8306bee3bc1b1acd2166c4160e8275e2e2c9046aacbfd
left_flip_VirupakshaTemple_resized_images_8th_century_shiva_at_mallikarjuna_temple2c_pattadakal_hindu_monuments_karnataka_2.jpg.jpg,left_flip_DravidaArchitecture_resized_images_8th_century_shiva_at_mallikarjuna_temple2c_pattadakal_hindu_monuments_karnataka_2.jpg.jpg,47407505948e124989ac77c174fd9989d4441251560ee27126f7255a17514063
left_flip_temple_in_india_38_356.jpg,left_flip_temple_in_india_12_358.jpg,637d5c223e259b1baee80ad05b991ea97cd5d08b19a13d939e0b56907f50eb55
left_flip_temple_in_india_6070.jpg,left_flip_temple_in_india_16944.jpg,5b8eea4eaba33d09e36888968a4cee9314d153537184b8ca98ae7416212d1e69
left_flip_temple_in_india_8_400.jpg,left_flip_temple_in_india_8_241.jpg,d4a9d41d7441be0ea75b5f45b7118c6fec609c54fa5f1860d822246d558dcb62
left_flip_temple_in_india_8_421.jpg,left_flip_temple_in_india_8_170.jpg,0995bba890294a79810eacc31f2f2d251a72d340ccf1e5c16088f822fab48e1c
left_temple_in_india_1788.jpg,left_temple_in_india_17284.jpg,fac02628a32dcdc4d98e5315ad261e6e36afd729ca599111d6e917512f0b0632
right_%C3%84gyptische_Sammlung_07.jpg,right_%2AView_in_the_Kailasanatha_temple_at_Ellora%2C_a_photo%2C_c.1865.jpg,641bb428ae692c3e354129dc1bbe462dc708afce695ec9227dd6869fa9c9683b
right_%C3%84gyptische_Sammlung_08.jpg,right_%2AView_in_the_Kailasanatha_temple_at_Ellora%2C_a_photo%2C_c.1865.jpg,641bb428ae692c3e354129dc1bbe462dc708afce695ec9227dd6869fa9c9683b
right_%C3%84gyptische_Sammlung_09.jpg,right_%2AView_in_the_Kailasanatha_temple_at_Ellora%2C_a_photo%2C_c.1865.jpg,641bb428ae692c3e354129dc1bbe462dc708afce695ec9227dd6869fa9c9683b
right_CholaArchitecture_resized_images_10th_to_15th_century_chennakesava_temples_reliefs_and_inscriptions2c_pushpagiri2c_andhra_pradesh_india_-_1.jpg.jpg,right_ChennakesavaTemple_resized_images_10th_to_15th_century_chennakesava_temples_reliefs_and_inscriptions2c_pushpagiri2c_andhra_pradesh_india_-_1.jpg.jpg,803d480ff66d8eaf6bd406bcc5a46974f68da204b9df942d3e55a27f4ed45c75
right_CholaArchitecture_resized_images_10th_to_15th_century_chennakesava_temples_reliefs_and_inscriptions2c_pushpagiri2c_andhra_pradesh_india_-_2.jpg.jpg,right_ChennakesavaTemple_resized_images_10th_to_15th_century_chennakesava_temples_reliefs_and_inscriptions2c_pushpagiri2c_andhra_pradesh_india_-_2.jpg.jpg,848f5bf6df4a55f1e5ec5fd5ab48ab6a6c0fa7ed8b51f5ee79505bb77b1a910a
right_CholaSculptures_resized_images_1010_ce_brihadishwara_shiva_temple2c_statue2c_built_by_rajaraja_i2c_thanjavur_tamil_nadu_india_28729.jpg.jpg,right_BrihadisvaraTemple_resized_images_1010_ce_brihadishwara_shiva_temple2c_statue2c_built_by_rajaraja_i2c_thanjavur_tamil_nadu_india_28729.jpg.jpg,f8b6c9a385067cb50a462e20fb9b8c337971921bf2664df36b5b27e866f33d17
right_CholaSculptures_resized_images_brihadeeswarar3.jpg.jpg,right_CholaArchitecture_resized_images_brihadeeswarar3.jpg.jpg,477a9379cf5689e7ba21306c5e648eb9789938e8b6f5f0ed67b05758275f5cb8
right_CholaSculptures_resized_images_rock_cut_ganesha_temple_-_1.jpg.jpg,right_CholaArchitecture_resized_images_rock_cut_ganesha_temple_-_1.jpg.jpg,8bd6ae3c369e1c2b6fe113b6d2ab4166c795448f08232fe7c14892e4a83be849
right_NagaraArchitecture_resized_images_12th_century_mahadeva_temple_2c_itagi_2c_karnataka_india_-_118.jpg.jpg,right_DravidaArchitecture_resized_images_12th_century_mahadeva_temple2c_itagi2c_karnataka_india_-_118.jpg.jpg,bcbcc097ea4725013ce465d1b93098dd795c1a1fea18a46c1da2e7fcb9ee5d52
right_NagaraArchitecture_resized_images_12th_century_mahadeva_temple_2c_itagi_2c_karnataka_india_-_122.jpg.jpg,right_DravidaArchitecture_resized_images_12th_century_mahadeva_temple2c_itagi2c_karnataka_india_-_122.jpg.jpg,79bf325a627bcb2823d9d0b658ffb42e2a870930795b795be7353bec74db5c6f
right_NagaraArchitecture_resized_images_12th_century_mahadeva_temple_2c_itagi_2c_karnataka_india_-_128.jpg.jpg,right_DravidaArchitecture_resized_images_12th_century_mahadeva_temple2c_itagi2c_karnataka_india_-_128.jpg.jpg,e14442981b7a32476ff641a2f6bebc381802474ebb6e2fe052919e49ac6ce686
right_NagaraArchitecture_resized_images_12th_century_mahadeva_temple_2c_itagi_2c_karnataka_india_-_78.jpg.jpg,right_DravidaArchitecture_resized_images_12th_century_mahadeva_temple2c_itagi2c_karnataka_india_-_78.jpg.jpg,b364a722c83d914c2bf0c5c2d31a20d2925c3f35c5791b530183ed2241875bf8
right_NagaraArchitecture_resized_images_12th_century_mahadeva_temple_2c_itagi_2c_karnataka_india_-_93.jpg.jpg,right_DravidaArchitecture_resized_images_12th_century_mahadeva_temple2c_itagi2c_karnataka_india_-_93.jpg.jpg,277e869fe26c7386f81158e57dc16860663ceb5f041e572e99873527307babc0
right_NagaraArchitecture_resized_images_12th_century_mahadeva_temple_2c_itagi_2c_karnataka_india_-_95.jpg.jpg,right_DravidaArchitecture_resized_images_12th_century_mahadeva_temple2c_itagi2c_karnataka_india_-_95.jpg.jpg,89c1cf30a54db806fbb0875ca837a807ef2f7c9c865e2d69c4abd33385ec5403
right_VesaraArchitecture_resized_images_12th_century_mahadeva_temple_2c_itagi_2c_karnataka_india_-_07.jpg.jpg,right_DravidaArchitecture_resized_images_12th_century_mahadeva_temple2c_itagi2c_karnataka_india_-_07.jpg.jpg,d8dbb4905edc7545123a78fd6c34cc2aaa79aa979d489549eb892dbbc2dbede9
right_VesaraArchitecture_resized_images_12th_century_mahadeva_temple_2c_itagi_2c_karnataka_india_-_128.jpg.jpg,right_DravidaArchitecture_resized_images_12th_century_mahadeva_temple2c_itagi2c_karnataka_india_-_128.jpg.jpg,e14442981b7a32476ff641a2f6bebc381802474ebb6e2fe052919e49ac6ce686
right_VesaraArchitecture_resized_images_12th_century_mahadeva_temple_2c_itagi_2c_karnataka_india_-_137.jpg.jpg,right_DravidaArchitecture_resized_images_12th_century_mahadeva_temple2c_itagi2c_karnataka_india_-_137.jpg.jpg,bc27f9fe8f997276ac30414cb3d601189ae33298297d89e53cba46a5426d58ea
right_VesaraArchitecture_resized_images_12th_century_mahadeva_temple_2c_itagi_2c_karnataka_india_-_34.jpg.jpg,right_NagaraArchitecture_resized_images_12th_century_mahadeva_temple_2c_itagi_2c_karnataka_india_-_34.jpg.jpg,b6fc19d6baba74d69e9c8641e3eac8d499fb8cfa150d3fbaa3cc8a37176f62ce
right_VesaraArchitecture_resized_images_12th_century_mahadeva_temple_2c_itagi_2c_karnataka_india_-_63.jpg.jpg,right_DravidaArchitecture_resized_images_12th_century_mahadeva_temple2c_itagi2c_karnataka_india_-_63.jpg.jpg,aec919201e535f069b8594b67c6676ee2ca7fd9a0b90966e837d459173acc4ff
right_VesaraArchitecture_resized_images_12th_century_mahadeva_temple_2c_itagi_2c_karnataka_india_-_92.jpg.jpg,right_NagaraArchitecture_resized_images_12th_century_mahadeva_temple_2c_itagi_2c_karnataka_india_-_92.jpg.jpg,d07375e63ab16649c07a8e01f661b438a1f6a6cf8779f064fa744184e83da80f
right_VesaraArchitecture_resized_images_12th_century_mahadeva_temple_2c_itagi_2c_karnataka_india_-_93.jpg.jpg,right_DravidaArchitecture_resized_images_12th_century_mahadeva_temple2c_itagi2c_karnataka_india_-_93.jpg.jpg,277e869fe26c7386f81158e57dc16860663ceb5f041e572e99873527307babc0
right_VesaraArchitecture_resized_images_12th_century_mahadeva_temple_2c_itagi_2c_karnataka_india_-_94.jpg.jpg,right_DravidaArchitecture_resized_images_12th_century_mahadeva_temple2c_itagi2c_karnataka_india_-_94.jpg.jpg,189713b39c2f6cc470c95a4b59af66a1121f88b384f36350ee508b3fa79d9459
right_VirupakshaTemple_resized_images_8th_century_reliefs_at_virupaksha_temple2c_pattadakal_hindu_monuments_karnataka_4.jpg.jpg,right_DravidaArchitecture_resized_images_8th_century_reliefs_at_virupaksha_temple2c_pattadakal_hindu_monuments_karnataka_4.jpg.jpg,b325c97cbf61817f67704c40431dda6f88129f27ac10794fd2d0eb141499b9e0
right_VirupakshaTemple_resized_images_8th_century_reliefs_at_virupaksha_temple2c_pattadakal_hindu_monuments_karnataka_5.jpg.jpg,right_DravidaArchitecture_resized_images_8th_century_reliefs_at_virupaksha_temple2c_pattadakal_hindu_monuments_karnataka_5.jpg.jpg,126a9bdc49aa80ba125affbc6683ee971761c55d80e6cf1a2a933ba67e9b4791
right_VirupakshaTemple_resized_images_virupaksha_temple2c_pattadakal2c_karnataka.jpg.jpg,right_DravidaArchitecture_resized_images_virupaksha_temple2c_pattadakal2c_karnataka.jpg.jpg,dc370b9aafc07818a90515d020e87658398fd66aa3806f1dcfabfe41a7ed724e
right_temple_in_india_16483.jpg,right_temple_in_india_10124.jpg,f1ba8f74faa76f73a88d10ea6f2344b9f3866503ca2bbd597ad5f8181fb74374
temple_in_india_4508.jpg,temple_in_india_16532.jpg,82c2128d4af2f7d7f85ed735fbce8bd973ed1017f06227dbe67cff047add2a61
